<?xml version="1.0" encoding="utf-8"?>
<HighScoreHolder xmlns:xsd="http://www.w3.org/2001/XMLSchema" xmlns:xsi="http://www.w3.org/2001/XMLSchema-instance">
  <Capacity>5</Capacity>
  <Entries>
    <ScoreEntry>
      <Score>1100</Score>
      <Name>Ekrem</Name>
    </ScoreEntry>
    <ScoreEntry>
      <Score>0</Score>
      <Name>EMPTY</Name>
    </ScoreEntry>
    <ScoreEntry>
      <Score>0</Score>
      <Name>EMPTY</Name>
    </ScoreEntry>
    <ScoreEntry>
      <Score>0</Score>
      <Name>EMPTY</Name>
    </ScoreEntry>
    <ScoreEntry>
      <Score>0</Score>
      <Name>EMPTY</Name>
    </ScoreEntry>
  </Entries>
</HighScoreHolder>